{"_id": {"$oid": "693a7e13fbe7f00d887c8afb"}, "title": "Python for Beginners", "description": "Learn Python programming from scratch with hands-on projects", "category_id": {"$oid": "693a7e13fbe7f00d887c88f0"}, "instructor_id": {"$oid": "693a7e13fbe7f00d887c88f8"}, "price": 29.99, "duration_hours": 20, "created_at": {"$date": "2024-09-17T08:17:23.468Z"}, "tags": ["Python", "Beginner", "Programming"], "rating": 4.49, "enrolled_count": 396, "level": "Beginner"}
{"_id": {"$oid": "693a7e13fbe7f00d887c8afc"}, "title": "Advanced JavaScript", "description": "Master modern JavaScript including ES6+, async/await, and frameworks", "category_id": {"$oid": "693a7e13fbe7f00d887c88f0"}, "instructor_id": {"$oid": "693a7e13fbe7f00d887c88f8"}, "price": 49.99, "duration_hours": 35, "created_at": {"$date": "2024-09-21T08:17:23.468Z"}, "tags": ["JavaScript", "Advanced", "Web"], "rating": 3.84, "enrolled_count": 1427, "level": "Intermediate"}
{"_id": {"$oid": "693a7e13fbe7f00d887c8afd"}, "title": "Full-Stack Web Development", "description": "Build complete web applications using React, Node.js, and MongoDB", "category_id": {"$oid": "693a7e13fbe7f00d887c88f0"}, "instructor_id": {"$oid": "693a7e13fbe7f00d887c88f8"}, "price": 99.99, "duration_hours": 60, "created_at": {"$date": "2024-10-21T08:17:23.468Z"}, "tags": ["Full-Stack", "React", "Node.js"], "rating": 4.46, "enrolled_count": 1816, "level": "Advanced"}
{"_id": {"$oid": "693a7e13fbe7f00d887c8afe"}, "title": "Java Masterclass", "description": "Comprehensive Java programming from basics to advanced OOP concepts", "category_id": {"$oid": "693a7e13fbe7f00d887c88f0"}, "instructor_id": {"$oid": "693a7e13fbe7f00d887c88f8"}, "price": 79.99, "duration_hours": 45, "created_at": {"$date": "2025-11-20T08:17:23.468Z"}, "tags": ["Java", "OOP", "Enterprise"], "rating": 4.89, "enrolled_count": 1034, "level": "Intermediate"}
{"_id": {"$oid": "693a7e13fbe7f00d887c8aff"}, "title": "C++ Game Development", "description": "Create games using C++ and Unreal Engine", "category_id": {"$oid": "693a7e13fbe7f00d887c88f0"}, "instructor_id": {"$oid": "693a7e13fbe7f00d887c8901"}, "price": 89.99, "duration_hours": 50, "created_at": {"$date": "2024-09-26T08:17:23.468Z"}, "tags": ["C++", "Game Dev", "Unreal"], "rating": 4.18, "enrolled_count": 1196, "level": "Advanced"}
{"_id": {"$oid": "693a7e13fbe7f00d887c8b00"}, "title": "Data Analysis with Python", "description": "Analyze data using Pandas, NumPy, and visualization libraries", "category_id": {"$oid": "693a7e13fbe7f00d887c88f1"}, "instructor_id": {"$oid": "693a7e13fbe7f00d887c8900"}, "price": 59.99, "duration_hours": 30, "created_at": {"$date": "2024-09-09T08:17:23.468Z"}, "tags": ["Python", "Pandas", "Analysis"], "rating": 4.38, "enrolled_count": 479, "level": "Intermediate"}
{"_id": {"$oid": "693a7e13fbe7f00d887c8b01"}, "title": "Machine Learning A-Z", "description": "Complete machine learning course covering all major algorithms", "category_id": {"$oid": "693a7e13fbe7f00d887c88f1"}, "instructor_id": {"$oid": "693a7e13fbe7f00d887c8900"}, "price": 99.99, "duration_hours": 55, "created_at": {"$date": "2024-12-26T08:17:23.468Z"}, "tags": ["ML", "Scikit-learn", "AI"], "rating": 4.11, "enrolled_count": 1603, "level": "Advanced"}
{"_id": {"$oid": "693a7e13fbe7f00d887c8b02"}, "title": "Deep Learning Specialization", "description": "Neural networks, CNNs, RNNs, and transformers with TensorFlow", "category_id": {"$oid": "693a7e13fbe7f00d887c88f1"}, "instructor_id": {"$oid": "693a7e13fbe7f00d887c8900"}, "price": 149.99, "duration_hours": 70, "created_at": {"$date": "2025-11-29T08:17:23.468Z"}, "tags": ["Deep Learning", "TensorFlow", "Neural Networks"], "rating": 3.98, "enrolled_count": 429, "level": "Beginner"}
{"_id": {"$oid": "693a7e13fbe7f00d887c8b03"}, "title": "Data Visualization Mastery", "description": "Create stunning visualizations with Tableau and D3.js", "category_id": {"$oid": "693a7e13fbe7f00d887c88f1"}, "instructor_id": {"$oid": "693a7e13fbe7f00d887c8900"}, "price": 49.99, "duration_hours": 25, "created_at": {"$date": "2025-11-08T08:17:23.468Z"}, "tags": ["Tableau", "D3.js", "Visualization"], "rating": 4.13, "enrolled_count": 806, "level": "Intermediate"}
{"_id": {"$oid": "693a7e13fbe7f00d887c8b04"}, "title": "Big Data with Spark", "description": "Process large datasets using Apache Spark and Hadoop", "category_id": {"$oid": "693a7e13fbe7f00d887c88f1"}, "instructor_id": {"$oid": "693a7e13fbe7f00d887c8900"}, "price": 79.99, "duration_hours": 40, "created_at": {"$date": "2025-03-01T08:17:23.468Z"}, "tags": ["Spark", "Big Data", "Hadoop"], "rating": 4.05, "enrolled_count": 1647, "level": "Beginner"}
{"_id": {"$oid": "693a7e13fbe7f00d887c8b05"}, "title": "Digital Marketing Fundamentals", "description": "Master SEO, social media, and content marketing strategies", "category_id": {"$oid": "693a7e13fbe7f00d887c88f2"}, "instructor_id": {"$oid": "693a7e13fbe7f00d887c8902"}, "price": 39.99, "duration_hours": 20, "created_at": {"$date": "2024-11-27T08:17:23.468Z"}, "tags": ["Marketing", "SEO", "Social Media"], "rating": 4.03, "enrolled_count": 196, "level": "Beginner"}
{"_id": {"$oid": "693a7e13fbe7f00d887c8b06"}, "title": "Project Management Professional", "description": "PMP certification prep and agile methodologies", "category_id": {"$oid": "693a7e13fbe7f00d887c88f2"}, "instructor_id": {"$oid": "693a7e13fbe7f00d887c8902"}, "price": 69.99, "duration_hours": 35, "created_at": {"$date": "2024-12-11T08:17:23.468Z"}, "tags": ["PMP", "Agile", "Scrum"], "rating": 4.68, "enrolled_count": 1678, "level": "Advanced"}
{"_id": {"$oid": "693a7e13fbe7f00d887c8b07"}, "title": "Financial Analysis & Modeling", "description": "Excel-based financial modeling for business decisions", "category_id": {"$oid": "693a7e13fbe7f00d887c88f2"}, "instructor_id": {"$oid": "693a7e13fbe7f00d887c8902"}, "price": 79.99, "duration_hours": 30, "created_at": {"$date": "2024-06-09T08:17:23.468Z"}, "tags": ["Finance", "Excel", "Modeling"], "rating": 4.65, "enrolled_count": 541, "level": "Intermediate"}
{"_id": {"$oid": "693a7e13fbe7f00d887c8b08"}, "title": "Entrepreneurship Bootcamp", "description": "Start and scale your business from idea to execution", "category_id": {"$oid": "693a7e13fbe7f00d887c88f2"}, "instructor_id": {"$oid": "693a7e13fbe7f00d887c88fd"}, "price": 99.99, "duration_hours": 40, "created_at": {"$date": "2024-07-30T08:17:23.468Z"}, "tags": ["Startup", "Business", "Strategy"], "rating": 4.47, "enrolled_count": 1139, "level": "Intermediate"}
{"_id": {"$oid": "693a7e13fbe7f00d887c8b09"}, "title": "Leadership & Management", "description": "Develop essential leadership skills for modern managers", "category_id": {"$oid": "693a7e13fbe7f00d887c88f2"}, "instructor_id": {"$oid": "693a7e13fbe7f00d887c8902"}, "price": 49.99, "duration_hours": 25, "created_at": {"$date": "2025-07-28T08:17:23.468Z"}, "tags": ["Leadership", "Management", "Skills"], "rating": 4.67, "enrolled_count": 617, "level": "Advanced"}
{"_id": {"$oid": "693a7e13fbe7f00d887c8b0a"}, "title": "UI/UX Design Complete Course", "description": "Design beautiful and user-friendly interfaces", "category_id": {"$oid": "693a7e13fbe7f00d887c88f3"}, "instructor_id": {"$oid": "693a7e13fbe7f00d887c88fa"}, "price": 69.99, "duration_hours": 35, "created_at": {"$date": "2024-09-17T08:17:23.468Z"}, "tags": ["UI", "UX", "Figma"], "rating": 4.5, "enrolled_count": 223, "level": "Beginner"}
{"_id": {"$oid": "693a7e13fbe7f00d887c8b0b"}, "title": "Graphic Design Masterclass", "description": "Adobe Creative Suite mastery: Photoshop, Illustrator, InDesign", "category_id": {"$oid": "693a7e13fbe7f00d887c88f3"}, "instructor_id": {"$oid": "693a7e13fbe7f00d887c8903"}, "price": 79.99, "duration_hours": 40, "created_at": {"$date": "2024-01-30T08:17:23.468Z"}, "tags": ["Photoshop", "Illustrator", "Design"], "rating": 4.9, "enrolled_count": 938, "level": "Advanced"}
{"_id": {"$oid": "693a7e13fbe7f00d887c8b0c"}, "title": "Motion Graphics with After Effects", "description": "Create stunning animations and motion graphics", "category_id": {"$oid": "693a7e13fbe7f00d887c88f3"}, "instructor_id": {"$oid": "693a7e13fbe7f00d887c88fa"}, "price": 59.99, "duration_hours": 30, "created_at": {"$date": "2025-06-09T08:17:23.468Z"}, "tags": ["After Effects", "Animation", "Motion"], "rating": 4.28, "enrolled_count": 749, "level": "Advanced"}
{"_id": {"$oid": "693a7e13fbe7f00d887c8b0d"}, "title": "Web Design Fundamentals", "description": "HTML, CSS, and responsive design principles", "category_id": {"$oid": "693a7e13fbe7f00d887c88f3"}, "instructor_id": {"$oid": "693a7e13fbe7f00d887c8903"}, "price": 39.99, "duration_hours": 20, "created_at": {"$date": "2024-06-02T08:17:23.468Z"}, "tags": ["HTML", "CSS", "Responsive"], "rating": 4.28, "enrolled_count": 872, "level": "Beginner"}
{"_id": {"$oid": "693a7e13fbe7f00d887c8b0e"}, "title": "3D Modeling with Blender", "description": "Create 3D models and animations using Blender", "category_id": {"$oid": "693a7e13fbe7f00d887c88f3"}, "instructor_id": {"$oid": "693a7e13fbe7f00d887c8903"}, "price": 69.99, "duration_hours": 45, "created_at": {"$date": "2024-07-07T08:17:23.468Z"}, "tags": ["Blender", "3D", "Modeling"], "rating": 3.88, "enrolled_count": 363, "level": "Advanced"}
{"_id": {"$oid": "693a7e13fbe7f00d887c8b0f"}, "title": "Docker & Kubernetes Mastery", "description": "Containerization and orchestration for modern applications", "category_id": {"$oid": "693a7e13fbe7f00d887c88f4"}, "instructor_id": {"$oid": "693a7e13fbe7f00d887c8904"}, "price": 89.99, "duration_hours": 35, "created_at": {"$date": "2025-05-16T08:17:23.468Z"}, "tags": ["Docker", "Kubernetes", "Containers"], "rating": 4.49, "enrolled_count": 587, "level": "Intermediate"}
{"_id": {"$oid": "693a7e13fbe7f00d887c8b10"}, "title": "AWS Solutions Architect", "description": "Design and deploy scalable solutions on AWS", "category_id": {"$oid": "693a7e13fbe7f00d887c88f4"}, "instructor_id": {"$oid": "693a7e13fbe7f00d887c8904"}, "price": 99.99, "duration_hours": 45, "created_at": {"$date": "2025-08-05T08:17:23.468Z"}, "tags": ["AWS", "Cloud", "Architecture"], "rating": 4.81, "enrolled_count": 631, "level": "Beginner"}
{"_id": {"$oid": "693a7e13fbe7f00d887c8b11"}, "title": "CI/CD Pipeline Automation", "description": "Automate your deployment with Jenkins, GitLab CI, and GitHub Actions", "category_id": {"$oid": "693a7e13fbe7f00d887c88f4"}, "instructor_id": {"$oid": "693a7e13fbe7f00d887c8904"}, "price": 69.99, "duration_hours": 30, "created_at": {"$date": "2024-11-10T08:17:23.468Z"}, "tags": ["CI/CD", "Jenkins", "Automation"], "rating": 3.98, "enrolled_count": 370, "level": "Beginner"}
{"_id": {"$oid": "693a7e13fbe7f00d887c8b12"}, "title": "Infrastructure as Code", "description": "Terraform and Ansible for infrastructure automation", "category_id": {"$oid": "693a7e13fbe7f00d887c88f4"}, "instructor_id": {"$oid": "693a7e13fbe7f00d887c8904"}, "price": 79.99, "duration_hours": 35, "created_at": {"$date": "2024-03-03T08:17:23.468Z"}, "tags": ["Terraform", "Ansible", "IaC"], "rating": 3.95, "enrolled_count": 245, "level": "Advanced"}
{"_id": {"$oid": "693a7e13fbe7f00d887c8b13"}, "title": "Linux System Administration", "description": "Master Linux for servers and DevOps workflows", "category_id": {"$oid": "693a7e13fbe7f00d887c88f4"}, "instructor_id": {"$oid": "693a7e13fbe7f00d887c88fb"}, "price": 59.99, "duration_hours": 30, "created_at": {"$date": "2024-10-13T08:17:23.468Z"}, "tags": ["Linux", "Admin", "Server"], "rating": 4.68, "enrolled_count": 1456, "level": "Advanced"}
{"_id": {"$oid": "693a7e13fbe7f00d887c8b14"}, "title": "Calculus I: Limits and Derivatives", "description": "Foundational calculus concepts with real-world applications", "category_id": {"$oid": "693a7e13fbe7f00d887c88f5"}, "instructor_id": {"$oid": "693a7e13fbe7f00d887c8905"}, "price": 49.99, "duration_hours": 30, "created_at": {"$date": "2024-10-25T08:17:23.468Z"}, "tags": ["Calculus", "Math", "Derivatives"], "rating": 4.98, "enrolled_count": 403, "level": "Beginner"}
{"_id": {"$oid": "693a7e13fbe7f00d887c8b15"}, "title": "Linear Algebra for Data Science", "description": "Matrices, vectors, and eigenvalues for ML applications", "category_id": {"$oid": "693a7e13fbe7f00d887c88f5"}, "instructor_id": {"$oid": "693a7e13fbe7f00d887c8905"}, "price": 59.99, "duration_hours": 25, "created_at": {"$date": "2024-05-26T08:17:23.468Z"}, "tags": ["Linear Algebra", "Math", "Data Science"], "rating": 4.14, "enrolled_count": 1255, "level": "Intermediate"}
{"_id": {"$oid": "693a7e13fbe7f00d887c8b16"}, "title": "Statistics & Probability", "description": "Statistical analysis and probability theory fundamentals", "category_id": {"$oid": "693a7e13fbe7f00d887c88f5"}, "instructor_id": {"$oid": "693a7e13fbe7f00d887c8905"}, "price": 49.99, "duration_hours": 28, "created_at": {"$date": "2024-03-17T08:17:23.468Z"}, "tags": ["Statistics", "Probability", "Analysis"], "rating": 4.11, "enrolled_count": 962, "level": "Intermediate"}
{"_id": {"$oid": "693a7e13fbe7f00d887c8b17"}, "title": "Discrete Mathematics", "description": "Logic, sets, graphs, and combinatorics", "category_id": {"$oid": "693a7e13fbe7f00d887c88f5"}, "instructor_id": {"$oid": "693a7e13fbe7f00d887c8905"}, "price": 39.99, "duration_hours": 25, "created_at": {"$date": "2024-04-10T08:17:23.468Z"}, "tags": ["Discrete Math", "Logic", "Graphs"], "rating": 4.7, "enrolled_count": 1748, "level": "Advanced"}
{"_id": {"$oid": "693a7e13fbe7f00d887c8b18"}, "title": "Applied Mathematics", "description": "Mathematical modeling for engineering and science", "category_id": {"$oid": "693a7e13fbe7f00d887c88f5"}, "instructor_id": {"$oid": "693a7e13fbe7f00d887c8905"}, "price": 69.99, "duration_hours": 35, "created_at": {"$date": "2025-02-22T08:17:23.468Z"}, "tags": ["Applied Math", "Modeling", "Engineering"], "rating": 4.88, "enrolled_count": 590, "level": "Intermediate"}
{"_id": {"$oid": "693a7e13fbe7f00d887c8b19"}, "title": "Spanish for Beginners", "description": "Learn conversational Spanish from zero to intermediate", "category_id": {"$oid": "693a7e13fbe7f00d887c88f6"}, "instructor_id": {"$oid": "693a7e13fbe7f00d887c88fe"}, "price": 29.99, "duration_hours": 25, "created_at": {"$date": "2025-08-29T08:17:23.468Z"}, "tags": ["Spanish", "Beginner", "Conversation"], "rating": 4.59, "enrolled_count": 1178, "level": "Beginner"}
{"_id": {"$oid": "693a7e13fbe7f00d887c8b1a"}, "title": "Business English Mastery", "description": "Professional English for international business", "category_id": {"$oid": "693a7e13fbe7f00d887c88f6"}, "instructor_id": {"$oid": "693a7e13fbe7f00d887c88fe"}, "price": 39.99, "duration_hours": 20, "created_at": {"$date": "2025-01-10T08:17:23.468Z"}, "tags": ["English", "Business", "Professional"], "rating": 4.01, "enrolled_count": 1819, "level": "Beginner"}
{"_id": {"$oid": "693a7e13fbe7f00d887c8b1b"}, "title": "French Language Complete Course", "description": "Comprehensive French from basics to advanced", "category_id": {"$oid": "693a7e13fbe7f00d887c88f6"}, "instructor_id": {"$oid": "693a7e13fbe7f00d887c88fe"}, "price": 49.99, "duration_hours": 40, "created_at": {"$date": "2025-03-12T08:17:23.468Z"}, "tags": ["French", "Complete", "Fluency"], "rating": 4.79, "enrolled_count": 1406, "level": "Beginner"}
{"_id": {"$oid": "693a7e13fbe7f00d887c8b1c"}, "title": "Mandarin Chinese Fundamentals", "description": "Learn Mandarin with focus on speaking and characters", "category_id": {"$oid": "693a7e13fbe7f00d887c88f6"}, "instructor_id": {"$oid": "693a7e13fbe7f00d887c88fe"}, "price": 59.99, "duration_hours": 35, "created_at": {"$date": "2023-12-15T08:17:23.468Z"}, "tags": ["Mandarin", "Chinese", "Speaking"], "rating": 4.14, "enrolled_count": 526, "level": "Intermediate"}
{"_id": {"$oid": "693a7e13fbe7f00d887c8b1d"}, "title": "German for Travelers", "description": "Essential German for travel and everyday situations", "category_id": {"$oid": "693a7e13fbe7f00d887c88f6"}, "instructor_id": {"$oid": "693a7e13fbe7f00d887c88fe"}, "price": 29.99, "duration_hours": 15, "created_at": {"$date": "2024-06-28T08:17:23.468Z"}, "tags": ["German", "Travel", "Conversation"], "rating": 4.69, "enrolled_count": 604, "level": "Advanced"}
{"_id": {"$oid": "693a7e13fbe7f00d887c8b1e"}, "title": "Time Management Mastery", "description": "Boost productivity and achieve work-life balance", "category_id": {"$oid": "693a7e13fbe7f00d887c88f7"}, "instructor_id": {"$oid": "693a7e13fbe7f00d887c88ff"}, "price": 19.99, "duration_hours": 10, "created_at": {"$date": "2024-11-05T08:17:23.468Z"}, "tags": ["Productivity", "Time Management", "Efficiency"], "rating": 4.01, "enrolled_count": 163, "level": "Advanced"}
{"_id": {"$oid": "693a7e13fbe7f00d887c8b1f"}, "title": "Public Speaking Confidence", "description": "Overcome fear and deliver powerful presentations", "category_id": {"$oid": "693a7e13fbe7f00d887c88f7"}, "instructor_id": {"$oid": "693a7e13fbe7f00d887c8906"}, "price": 39.99, "duration_hours": 15, "created_at": {"$date": "2024-08-17T08:17:23.468Z"}, "tags": ["Public Speaking", "Communication", "Confidence"], "rating": 4.31, "enrolled_count": 1473, "level": "Intermediate"}
{"_id": {"$oid": "693a7e13fbe7f00d887c8b20"}, "title": "Emotional Intelligence", "description": "Develop EQ for better relationships and leadership", "category_id": {"$oid": "693a7e13fbe7f00d887c88f7"}, "instructor_id": {"$oid": "693a7e13fbe7f00d887c88ff"}, "price": 29.99, "duration_hours": 12, "created_at": {"$date": "2025-10-14T08:17:23.468Z"}, "tags": ["EQ", "Emotional Intelligence", "Leadership"], "rating": 4.2, "enrolled_count": 1321, "level": "Intermediate"}
{"_id": {"$oid": "693a7e13fbe7f00d887c8b21"}, "title": "Mindfulness & Meditation", "description": "Reduce stress and increase focus through mindfulness", "category_id": {"$oid": "693a7e13fbe7f00d887c88f7"}, "instructor_id": {"$oid": "693a7e13fbe7f00d887c8906"}, "price": 24.99, "duration_hours": 10, "created_at": {"$date": "2024-09-30T08:17:23.468Z"}, "tags": ["Mindfulness", "Meditation", "Wellness"], "rating": 4.85, "enrolled_count": 587, "level": "Advanced"}
{"_id": {"$oid": "693a7e13fbe7f00d887c8b22"}, "title": "Career Development Strategy", "description": "Plan and accelerate your professional growth", "category_id": {"$oid": "693a7e13fbe7f00d887c88f7"}, "instructor_id": {"$oid": "693a7e13fbe7f00d887c8906"}, "price": 34.99, "duration_hours": 15, "created_at": {"$date": "2024-05-22T08:17:23.468Z"}, "tags": ["Career", "Development", "Strategy"], "rating": 4.72, "enrolled_count": 560, "level": "Intermediate"}
{"_id": {"$oid": "693a7e13fbe7f00d887c8b23"}, "title": "Spanish for Beginners - Advanced Edition", "description": "Advanced version: Learn conversational Spanish from zero to intermediate", "category_id": {"$oid": "693a7e13fbe7f00d887c88f6"}, "instructor_id": {"$oid": "693a7e13fbe7f00d887c88fe"}, "price": 44.98, "duration_hours": 30.0, "created_at": {"$date": "2025-11-16T08:17:23.468Z"}, "tags": ["Spanish", "Beginner", "Conversation"], "rating": 4.01, "enrolled_count": 1347, "level": "Beginner"}
{"_id": {"$oid": "693a7e13fbe7f00d887c8b24"}, "title": "Deep Learning Specialization - Advanced Edition", "description": "Advanced version: Neural networks, CNNs, RNNs, and transformers with TensorFlow", "category_id": {"$oid": "693a7e13fbe7f00d887c88f1"}, "instructor_id": {"$oid": "693a7e13fbe7f00d887c88f9"}, "price": 224.99, "duration_hours": 84.0, "created_at": {"$date": "2024-01-25T08:17:23.468Z"}, "tags": ["Deep Learning", "TensorFlow", "Neural Networks"], "rating": 3.7, "enrolled_count": 728, "level": "Advanced"}
{"_id": {"$oid": "693a7e13fbe7f00d887c8b25"}, "title": "Deep Learning Specialization - Advanced Edition", "description": "Advanced version: Neural networks, CNNs, RNNs, and transformers with TensorFlow", "category_id": {"$oid": "693a7e13fbe7f00d887c88f1"}, "instructor_id": {"$oid": "693a7e13fbe7f00d887c88f9"}, "price": 224.99, "duration_hours": 84.0, "created_at": {"$date": "2025-11-05T08:17:23.468Z"}, "tags": ["Deep Learning", "TensorFlow", "Neural Networks"], "rating": 4.5, "enrolled_count": 872, "level": "Advanced"}
{"_id": {"$oid": "693a7e13fbe7f00d887c8b26"}, "title": "Business English Mastery - Advanced Edition", "description": "Advanced version: Professional English for international business", "category_id": {"$oid": "693a7e13fbe7f00d887c88f6"}, "instructor_id": {"$oid": "693a7e13fbe7f00d887c88fe"}, "price": 59.98, "duration_hours": 24.0, "created_at": {"$date": "2025-07-23T08:17:23.468Z"}, "tags": ["English", "Business", "Professional"], "rating": 4.12, "enrolled_count": 582, "level": "Intermediate"}
{"_id": {"$oid": "693a7e13fbe7f00d887c8b27"}, "title": "Linux System Administration - Advanced Edition", "description": "Advanced version: Master Linux for servers and DevOps workflows", "category_id": {"$oid": "693a7e13fbe7f00d887c88f4"}, "instructor_id": {"$oid": "693a7e13fbe7f00d887c8904"}, "price": 89.98, "duration_hours": 36.0, "created_at": {"$date": "2025-04-05T08:17:23.468Z"}, "tags": ["Linux", "Admin", "Server"], "rating": 3.67, "enrolled_count": 269, "level": "Beginner"}
{"_id": {"$oid": "693a7e13fbe7f00d887c8b28"}, "title": "Linear Algebra for Data Science - Advanced Edition", "description": "Advanced version: Matrices, vectors, and eigenvalues for ML applications", "category_id": {"$oid": "693a7e13fbe7f00d887c88f5"}, "instructor_id": {"$oid": "693a7e13fbe7f00d887c88fc"}, "price": 89.98, "duration_hours": 30.0, "created_at": {"$date": "2025-05-06T08:17:23.468Z"}, "tags": ["Linear Algebra", "Math", "Data Science"], "rating": 4.85, "enrolled_count": 1294, "level": "Intermediate"}
{"_id": {"$oid": "693a7e13fbe7f00d887c8b29"}, "title": "Machine Learning A-Z - Advanced Edition", "description": "Advanced version: Complete machine learning course covering all major algorithms", "category_id": {"$oid": "693a7e13fbe7f00d887c88f1"}, "instructor_id": {"$oid": "693a7e13fbe7f00d887c8900"}, "price": 149.98, "duration_hours": 66.0, "created_at": {"$date": "2024-09-29T08:17:23.468Z"}, "tags": ["ML", "Scikit-learn", "AI"], "rating": 4.45, "enrolled_count": 1411, "level": "Beginner"}
{"_id": {"$oid": "693a7e13fbe7f00d887c8b2a"}, "title": "Discrete Mathematics - Advanced Edition", "description": "Advanced version: Logic, sets, graphs, and combinatorics", "category_id": {"$oid": "693a7e13fbe7f00d887c88f5"}, "instructor_id": {"$oid": "693a7e13fbe7f00d887c8905"}, "price": 59.98, "duration_hours": 30.0, "created_at": {"$date": "2025-10-19T08:17:23.468Z"}, "tags": ["Discrete Math", "Logic", "Graphs"], "rating": 3.54, "enrolled_count": 132, "level": "Advanced"}
{"_id": {"$oid": "693a7e13fbe7f00d887c8b2b"}, "title": "Deep Learning Specialization - Advanced Edition", "description": "Advanced version: Neural networks, CNNs, RNNs, and transformers with TensorFlow", "category_id": {"$oid": "693a7e13fbe7f00d887c88f1"}, "instructor_id": {"$oid": "693a7e13fbe7f00d887c8900"}, "price": 224.99, "duration_hours": 84.0, "created_at": {"$date": "2025-05-01T08:17:23.468Z"}, "tags": ["Deep Learning", "TensorFlow", "Neural Networks"], "rating": 3.78, "enrolled_count": 1204, "level": "Beginner"}
{"_id": {"$oid": "693a7e13fbe7f00d887c8b2c"}, "title": "Data Analysis with Python - Advanced Edition", "description": "Advanced version: Analyze data using Pandas, NumPy, and visualization libraries", "category_id": {"$oid": "693a7e13fbe7f00d887c88f1"}, "instructor_id": {"$oid": "693a7e13fbe7f00d887c8900"}, "price": 89.98, "duration_hours": 36.0, "created_at": {"$date": "2025-03-05T08:17:23.468Z"}, "tags": ["Python", "Pandas", "Analysis"], "rating": 4.36, "enrolled_count": 1492, "level": "Beginner"}
{"_id": {"$oid": "693a7e13fbe7f00d887c8b2d"}, "title": "Data Visualization Mastery - Advanced Edition", "description": "Advanced version: Create stunning visualizations with Tableau and D3.js", "category_id": {"$oid": "693a7e13fbe7f00d887c88f1"}, "instructor_id": {"$oid": "693a7e13fbe7f00d887c88f9"}, "price": 74.98, "duration_hours": 30.0, "created_at": {"$date": "2025-08-26T08:17:23.468Z"}, "tags": ["Tableau", "D3.js", "Visualization"], "rating": 3.75, "enrolled_count": 1001, "level": "Advanced"}
{"_id": {"$oid": "693a7e13fbe7f00d887c8b2e"}, "title": "Big Data with Spark - Advanced Edition", "description": "Advanced version: Process large datasets using Apache Spark and Hadoop", "category_id": {"$oid": "693a7e13fbe7f00d887c88f1"}, "instructor_id": {"$oid": "693a7e13fbe7f00d887c8900"}, "price": 119.98, "duration_hours": 48.0, "created_at": {"$date": "2024-04-18T08:17:23.468Z"}, "tags": ["Spark", "Big Data", "Hadoop"], "rating": 4.29, "enrolled_count": 223, "level": "Advanced"}
{"_id": {"$oid": "693a7e13fbe7f00d887c8b2f"}, "title": "Full-Stack Web Development - Advanced Edition", "description": "Advanced version: Build complete web applications using React, Node.js, and MongoDB", "category_id": {"$oid": "693a7e13fbe7f00d887c88f0"}, "instructor_id": {"$oid": "693a7e13fbe7f00d887c88f8"}, "price": 149.98, "duration_hours": 72.0, "created_at": {"$date": "2024-01-06T08:17:23.468Z"}, "tags": ["Full-Stack", "React", "Node.js"], "rating": 4.1, "enrolled_count": 943, "level": "Beginner"}
{"_id": {"$oid": "693a7e13fbe7f00d887c8b30"}, "title": "Infrastructure as Code - Advanced Edition", "description": "Advanced version: Terraform and Ansible for infrastructure automation", "category_id": {"$oid": "693a7e13fbe7f00d887c88f4"}, "instructor_id": {"$oid": "693a7e13fbe7f00d887c8904"}, "price": 119.98, "duration_hours": 42.0, "created_at": {"$date": "2025-05-24T08:17:23.468Z"}, "tags": ["Terraform", "Ansible", "IaC"], "rating": 4.21, "enrolled_count": 1419, "level": "Beginner"}
{"_id": {"$oid": "693a7e13fbe7f00d887c8b31"}, "title": "Financial Analysis & Modeling - Advanced Edition", "description": "Advanced version: Excel-based financial modeling for business decisions", "category_id": {"$oid": "693a7e13fbe7f00d887c88f2"}, "instructor_id": {"$oid": "693a7e13fbe7f00d887c88fd"}, "price": 119.98, "duration_hours": 36.0, "created_at": {"$date": "2024-05-26T08:17:23.468Z"}, "tags": ["Finance", "Excel", "Modeling"], "rating": 4.02, "enrolled_count": 412, "level": "Intermediate"}
{"_id": {"$oid": "693a7e13fbe7f00d887c8b32"}, "title": "Calculus I: Limits and Derivatives - Advanced Edition", "description": "Advanced version: Foundational calculus concepts with real-world applications", "category_id": {"$oid": "693a7e13fbe7f00d887c88f5"}, "instructor_id": {"$oid": "693a7e13fbe7f00d887c88fc"}, "price": 74.98, "duration_hours": 36.0, "created_at": {"$date": "2024-01-08T08:17:23.468Z"}, "tags": ["Calculus", "Math", "Derivatives"], "rating": 4.46, "enrolled_count": 855, "level": "Advanced"}
{"_id": {"$oid": "693a7e13fbe7f00d887c8b33"}, "title": "Java Masterclass - Advanced Edition", "description": "Advanced version: Comprehensive Java programming from basics to advanced OOP concepts", "category_id": {"$oid": "693a7e13fbe7f00d887c88f0"}, "instructor_id": {"$oid": "693a7e13fbe7f00d887c8901"}, "price": 119.98, "duration_hours": 54.0, "created_at": {"$date": "2025-08-29T08:17:23.468Z"}, "tags": ["Java", "OOP", "Enterprise"], "rating": 3.96, "enrolled_count": 743, "level": "Beginner"}
{"_id": {"$oid": "693a7e13fbe7f00d887c8b34"}, "title": "Advanced JavaScript - Advanced Edition", "description": "Advanced version: Master modern JavaScript including ES6+, async/await, and frameworks", "category_id": {"$oid": "693a7e13fbe7f00d887c88f0"}, "instructor_id": {"$oid": "693a7e13fbe7f00d887c88f8"}, "price": 74.98, "duration_hours": 42.0, "created_at": {"$date": "2025-02-25T08:17:23.468Z"}, "tags": ["JavaScript", "Advanced", "Web"], "rating": 4.91, "enrolled_count": 118, "level": "Beginner"}
{"_id": {"$oid": "693a7e13fbe7f00d887c8b35"}, "title": "3D Modeling with Blender - Advanced Edition", "description": "Advanced version: Create 3D models and animations using Blender", "category_id": {"$oid": "693a7e13fbe7f00d887c88f3"}, "instructor_id": {"$oid": "693a7e13fbe7f00d887c8903"}, "price": 104.98, "duration_hours": 54.0, "created_at": {"$date": "2025-11-25T08:17:23.468Z"}, "tags": ["Blender", "3D", "Modeling"], "rating": 3.78, "enrolled_count": 449, "level": "Beginner"}
{"_id": {"$oid": "693a7e13fbe7f00d887c8b36"}, "title": "Data Visualization Mastery - Advanced Edition", "description": "Advanced version: Create stunning visualizations with Tableau and D3.js", "category_id": {"$oid": "693a7e13fbe7f00d887c88f1"}, "instructor_id": {"$oid": "693a7e13fbe7f00d887c8900"}, "price": 74.98, "duration_hours": 30.0, "created_at": {"$date": "2024-04-06T08:17:23.468Z"}, "tags": ["Tableau", "D3.js", "Visualization"], "rating": 4.07, "enrolled_count": 534, "level": "Beginner"}
{"_id": {"$oid": "693a7e13fbe7f00d887c8b37"}, "title": "Mindfulness & Meditation - Advanced Edition", "description": "Advanced version: Reduce stress and increase focus through mindfulness", "category_id": {"$oid": "693a7e13fbe7f00d887c88f7"}, "instructor_id": {"$oid": "693a7e13fbe7f00d887c88ff"}, "price": 37.48, "duration_hours": 12.0, "created_at": {"$date": "2024-12-25T08:17:23.468Z"}, "tags": ["Mindfulness", "Meditation", "Wellness"], "rating": 4.43, "enrolled_count": 1048, "level": "Beginner"}
{"_id": {"$oid": "693a7e13fbe7f00d887c8b38"}, "title": "Digital Marketing Fundamentals - Advanced Edition", "description": "Advanced version: Master SEO, social media, and content marketing strategies", "category_id": {"$oid": "693a7e13fbe7f00d887c88f2"}, "instructor_id": {"$oid": "693a7e13fbe7f00d887c8902"}, "price": 59.98, "duration_hours": 24.0, "created_at": {"$date": "2025-03-19T08:17:23.468Z"}, "tags": ["Marketing", "SEO", "Social Media"], "rating": 4.09, "enrolled_count": 1106, "level": "Advanced"}
{"_id": {"$oid": "693a7e13fbe7f00d887c8b39"}, "title": "3D Modeling with Blender - Advanced Edition", "description": "Advanced version: Create 3D models and animations using Blender", "category_id": {"$oid": "693a7e13fbe7f00d887c88f3"}, "instructor_id": {"$oid": "693a7e13fbe7f00d887c88fa"}, "price": 104.98, "duration_hours": 54.0, "created_at": {"$date": "2024-09-23T08:17:23.468Z"}, "tags": ["Blender", "3D", "Modeling"], "rating": 4.48, "enrolled_count": 165, "level": "Beginner"}
{"_id": {"$oid": "693a7e13fbe7f00d887c8b3a"}, "title": "Mandarin Chinese Fundamentals - Advanced Edition", "description": "Advanced version: Learn Mandarin with focus on speaking and characters", "category_id": {"$oid": "693a7e13fbe7f00d887c88f6"}, "instructor_id": {"$oid": "693a7e13fbe7f00d887c88fe"}, "price": 89.98, "duration_hours": 42.0, "created_at": {"$date": "2024-12-04T08:17:23.469Z"}, "tags": ["Mandarin", "Chinese", "Speaking"], "rating": 4.4, "enrolled_count": 768, "level": "Advanced"}
{"_id": {"$oid": "693a7e13fbe7f00d887c8b3b"}, "title": "3D Modeling with Blender - Advanced Edition", "description": "Advanced version: Create 3D models and animations using Blender", "category_id": {"$oid": "693a7e13fbe7f00d887c88f3"}, "instructor_id": {"$oid": "693a7e13fbe7f00d887c88fa"}, "price": 104.98, "duration_hours": 54.0, "created_at": {"$date": "2024-11-22T08:17:23.469Z"}, "tags": ["Blender", "3D", "Modeling"], "rating": 3.73, "enrolled_count": 1422, "level": "Advanced"}
{"_id": {"$oid": "693a7e13fbe7f00d887c8b3c"}, "title": "Spanish for Beginners - Advanced Edition", "description": "Advanced version: Learn conversational Spanish from zero to intermediate", "category_id": {"$oid": "693a7e13fbe7f00d887c88f6"}, "instructor_id": {"$oid": "693a7e13fbe7f00d887c88fe"}, "price": 44.98, "duration_hours": 30.0, "created_at": {"$date": "2025-02-25T08:17:23.469Z"}, "tags": ["Spanish", "Beginner", "Conversation"], "rating": 3.52, "enrolled_count": 522, "level": "Advanced"}
{"_id": {"$oid": "693a7e13fbe7f00d887c8b3d"}, "title": "Career Development Strategy - Advanced Edition", "description": "Advanced version: Plan and accelerate your professional growth", "category_id": {"$oid": "693a7e13fbe7f00d887c88f7"}, "instructor_id": {"$oid": "693a7e13fbe7f00d887c88ff"}, "price": 52.48, "duration_hours": 18.0, "created_at": {"$date": "2023-12-23T08:17:23.469Z"}, "tags": ["Career", "Development", "Strategy"], "rating": 4.17, "enrolled_count": 940, "level": "Beginner"}
{"_id": {"$oid": "693a7e13fbe7f00d887c8b3e"}, "title": "Motion Graphics with After Effects - Advanced Edition", "description": "Advanced version: Create stunning animations and motion graphics", "category_id": {"$oid": "693a7e13fbe7f00d887c88f3"}, "instructor_id": {"$oid": "693a7e13fbe7f00d887c88fa"}, "price": 89.98, "duration_hours": 36.0, "created_at": {"$date": "2024-06-03T08:17:23.469Z"}, "tags": ["After Effects", "Animation", "Motion"], "rating": 4.54, "enrolled_count": 860, "level": "Advanced"}
{"_id": {"$oid": "693a7e13fbe7f00d887c8b3f"}, "title": "Public Speaking Confidence - Advanced Edition", "description": "Advanced version: Overcome fear and deliver powerful presentations", "category_id": {"$oid": "693a7e13fbe7f00d887c88f7"}, "instructor_id": {"$oid": "693a7e13fbe7f00d887c88ff"}, "price": 59.98, "duration_hours": 18.0, "created_at": {"$date": "2024-09-13T08:17:23.469Z"}, "tags": ["Public Speaking", "Communication", "Confidence"], "rating": 3.53, "enrolled_count": 969, "level": "Advanced"}
{"_id": {"$oid": "693a7e13fbe7f00d887c8b40"}, "title": "C++ Game Development - Advanced Edition", "description": "Advanced version: Create games using C++ and Unreal Engine", "category_id": {"$oid": "693a7e13fbe7f00d887c88f0"}, "instructor_id": {"$oid": "693a7e13fbe7f00d887c8901"}, "price": 134.98, "duration_hours": 60.0, "created_at": {"$date": "2025-02-02T08:17:23.469Z"}, "tags": ["C++", "Game Dev", "Unreal"], "rating": 4.54, "enrolled_count": 446, "level": "Beginner"}
{"_id": {"$oid": "693a7e13fbe7f00d887c8b41"}, "title": "Statistics & Probability - Advanced Edition", "description": "Advanced version: Statistical analysis and probability theory fundamentals", "category_id": {"$oid": "693a7e13fbe7f00d887c88f5"}, "instructor_id": {"$oid": "693a7e13fbe7f00d887c8905"}, "price": 74.98, "duration_hours": 33.6, "created_at": {"$date": "2024-08-13T08:17:23.469Z"}, "tags": ["Statistics", "Probability", "Analysis"], "rating": 4.25, "enrolled_count": 481, "level": "Beginner"}
{"_id": {"$oid": "693a7e13fbe7f00d887c8b42"}, "title": "Mandarin Chinese Fundamentals - Advanced Edition", "description": "Advanced version: Learn Mandarin with focus on speaking and characters", "category_id": {"$oid": "693a7e13fbe7f00d887c88f6"}, "instructor_id": {"$oid": "693a7e13fbe7f00d887c88fe"}, "price": 89.98, "duration_hours": 42.0, "created_at": {"$date": "2024-12-25T08:17:23.469Z"}, "tags": ["Mandarin", "Chinese", "Speaking"], "rating": 3.84, "enrolled_count": 525, "level": "Advanced"}
{"_id": {"$oid": "693a7e13fbe7f00d887c8b43"}, "title": "Discrete Mathematics - Advanced Edition", "description": "Advanced version: Logic, sets, graphs, and combinatorics", "category_id": {"$oid": "693a7e13fbe7f00d887c88f5"}, "instructor_id": {"$oid": "693a7e13fbe7f00d887c8905"}, "price": 59.98, "duration_hours": 30.0, "created_at": {"$date": "2024-08-27T08:17:23.469Z"}, "tags": ["Discrete Math", "Logic", "Graphs"], "rating": 3.5, "enrolled_count": 412, "level": "Intermediate"}
{"_id": {"$oid": "693a7e13fbe7f00d887c8b44"}, "title": "Project Management Professional - Advanced Edition", "description": "Advanced version: PMP certification prep and agile methodologies", "category_id": {"$oid": "693a7e13fbe7f00d887c88f2"}, "instructor_id": {"$oid": "693a7e13fbe7f00d887c8902"}, "price": 104.98, "duration_hours": 42.0, "created_at": {"$date": "2024-06-05T08:17:23.469Z"}, "tags": ["PMP", "Agile", "Scrum"], "rating": 3.83, "enrolled_count": 1232, "level": "Intermediate"}
{"_id": {"$oid": "693a7e13fbe7f00d887c8b45"}, "title": "3D Modeling with Blender - Advanced Edition", "description": "Advanced version: Create 3D models and animations using Blender", "category_id": {"$oid": "693a7e13fbe7f00d887c88f3"}, "instructor_id": {"$oid": "693a7e13fbe7f00d887c8903"}, "price": 104.98, "duration_hours": 54.0, "created_at": {"$date": "2024-10-21T08:17:23.469Z"}, "tags": ["Blender", "3D", "Modeling"], "rating": 3.56, "enrolled_count": 1460, "level": "Advanced"}
{"_id": {"$oid": "693a7e13fbe7f00d887c8b46"}, "title": "Python for Beginners - Advanced Edition", "description": "Advanced version: Learn Python programming from scratch with hands-on projects", "category_id": {"$oid": "693a7e13fbe7f00d887c88f0"}, "instructor_id": {"$oid": "693a7e13fbe7f00d887c8901"}, "price": 44.98, "duration_hours": 24.0, "created_at": {"$date": "2024-12-13T08:17:23.469Z"}, "tags": ["Python", "Beginner", "Programming"], "rating": 3.88, "enrolled_count": 911, "level": "Beginner"}
{"_id": {"$oid": "693a7e13fbe7f00d887c8b47"}, "title": "Full-Stack Web Development - Advanced Edition", "description": "Advanced version: Build complete web applications using React, Node.js, and MongoDB", "category_id": {"$oid": "693a7e13fbe7f00d887c88f0"}, "instructor_id": {"$oid": "693a7e13fbe7f00d887c8901"}, "price": 149.98, "duration_hours": 72.0, "created_at": {"$date": "2024-11-28T08:17:23.469Z"}, "tags": ["Full-Stack", "React", "Node.js"], "rating": 4.63, "enrolled_count": 649, "level": "Intermediate"}
{"_id": {"$oid": "693a7e13fbe7f00d887c8b48"}, "title": "Machine Learning A-Z - Advanced Edition", "description": "Advanced version: Complete machine learning course covering all major algorithms", "category_id": {"$oid": "693a7e13fbe7f00d887c88f1"}, "instructor_id": {"$oid": "693a7e13fbe7f00d887c88f9"}, "price": 149.98, "duration_hours": 66.0, "created_at": {"$date": "2023-12-22T08:17:23.469Z"}, "tags": ["ML", "Scikit-learn", "AI"], "rating": 4.48, "enrolled_count": 1244, "level": "Advanced"}
{"_id": {"$oid": "693a7e13fbe7f00d887c8b49"}, "title": "Time Management Mastery - Advanced Edition", "description": "Advanced version: Boost productivity and achieve work-life balance", "category_id": {"$oid": "693a7e13fbe7f00d887c88f7"}, "instructor_id": {"$oid": "693a7e13fbe7f00d887c88ff"}, "price": 29.98, "duration_hours": 12.0, "created_at": {"$date": "2023-12-25T08:17:23.469Z"}, "tags": ["Productivity", "Time Management", "Efficiency"], "rating": 3.87, "enrolled_count": 81, "level": "Advanced"}
{"_id": {"$oid": "693a7e13fbe7f00d887c8b4a"}, "title": "Full-Stack Web Development - Advanced Edition", "description": "Advanced version: Build complete web applications using React, Node.js, and MongoDB", "category_id": {"$oid": "693a7e13fbe7f00d887c88f0"}, "instructor_id": {"$oid": "693a7e13fbe7f00d887c8901"}, "price": 149.98, "duration_hours": 72.0, "created_at": {"$date": "2025-01-10T08:17:23.469Z"}, "tags": ["Full-Stack", "React", "Node.js"], "rating": 4.91, "enrolled_count": 632, "level": "Beginner"}
