{"_id": {"$oid": "693a7e13fbe7f00d887c88f8"}, "name": "Dr. Sarah Johnson", "email": ".sarah.johnson@eduplatform.com", "bio": "Former Google engineer with 15 years of experience in software architecture", "specialty": "Programming", "country": "United States", "rating": 4.84, "total_students": 3188}
{"_id": {"$oid": "693a7e13fbe7f00d887c88f9"}, "name": "Prof. Michael Chen", "email": ".michael.chen@eduplatform.com", "bio": "PhD in Machine Learning from MIT, published researcher in AI", "specialty": "Data Science", "country": "Canada", "rating": 4.46, "total_students": 3945}
{"_id": {"$oid": "693a7e13fbe7f00d887c88fa"}, "name": "Emily Rodriguez", "email": "emily.rodriguez@eduplatform.com", "bio": "Award-winning UX designer, worked with Fortune 500 companies", "specialty": "Design", "country": "Spain", "rating": 4.3, "total_students": 3043}
{"_id": {"$oid": "693a7e13fbe7f00d887c88fb"}, "name": "David Kim", "email": "david.kim@eduplatform.com", "bio": "Certified AWS Solutions Architect and DevOps consultant", "specialty": "DevOps", "country": "South Korea", "rating": 4.98, "total_students": 3477}
{"_id": {"$oid": "693a7e13fbe7f00d887c88fc"}, "name": "Dr. Amanda Williams", "email": ".amanda.williams@eduplatform.com", "bio": "Mathematics professor with a passion for making complex concepts simple", "specialty": "Mathematics", "country": "United Kingdom", "rating": 4.56, "total_students": 3392}
{"_id": {"$oid": "693a7e13fbe7f00d887c88fd"}, "name": "Carlos Martinez", "email": "carlos.martinez@eduplatform.com", "bio": "Serial entrepreneur and business strategist with 3 successful exits", "specialty": "Business", "country": "Mexico", "rating": 4.63, "total_students": 1595}
{"_id": {"$oid": "693a7e13fbe7f00d887c88fe"}, "name": "Sophie Laurent", "email": "sophie.laurent@eduplatform.com", "bio": "Polyglot speaker of 7 languages, certified language instructor", "specialty": "Languages", "country": "France", "rating": 4.87, "total_students": 2812}
{"_id": {"$oid": "693a7e13fbe7f00d887c88ff"}, "name": "James Anderson", "email": "james.anderson@eduplatform.com", "bio": "Life coach and productivity expert, bestselling author", "specialty": "Personal Development", "country": "Australia", "rating": 4.33, "total_students": 3138}
{"_id": {"$oid": "693a7e13fbe7f00d887c8900"}, "name": "Dr. Priya Patel", "email": ".priya.patel@eduplatform.com", "bio": "Data scientist at Microsoft, specializing in deep learning", "specialty": "Data Science", "country": "India", "rating": 4.78, "total_students": 2326}
{"_id": {"$oid": "693a7e13fbe7f00d887c8901"}, "name": "Robert Taylor", "email": "robert.taylor@eduplatform.com", "bio": "Full-stack developer and open-source contributor", "specialty": "Programming", "country": "United States", "rating": 4.47, "total_students": 3487}
{"_id": {"$oid": "693a7e13fbe7f00d887c8902"}, "name": "Lisa Zhang", "email": "lisa.zhang@eduplatform.com", "bio": "Brand strategist and digital marketing expert", "specialty": "Business", "country": "Singapore", "rating": 4.28, "total_students": 3363}
{"_id": {"$oid": "693a7e13fbe7f00d887c8903"}, "name": "Marco Rossi", "email": "marco.rossi@eduplatform.com", "bio": "Creative director with expertise in motion graphics", "specialty": "Design", "country": "Italy", "rating": 4.58, "total_students": 4803}
{"_id": {"$oid": "693a7e13fbe7f00d887c8904"}, "name": "Anna Kowalski", "email": "anna.kowalski@eduplatform.com", "bio": "Cloud infrastructure specialist, Kubernetes expert", "specialty": "DevOps", "country": "Poland", "rating": 4.89, "total_students": 3609}
{"_id": {"$oid": "693a7e13fbe7f00d887c8905"}, "name": "Hassan Ahmed", "email": "hassan.ahmed@eduplatform.com", "bio": "Applied mathematics researcher focusing on optimization", "specialty": "Mathematics", "country": "Egypt", "rating": 4.94, "total_students": 2276}
{"_id": {"$oid": "693a7e13fbe7f00d887c8906"}, "name": "Nina Petrov", "email": "nina.petrov@eduplatform.com", "bio": "Mindfulness coach and personal transformation specialist", "specialty": "Personal Development", "country": "Russia", "rating": 4.37, "total_students": 1156}
